{
  "epoch": [
    0,
    1,
    2,
    3,
    4,
    5,
    6,
    7,
    8,
    9,
    10,
    11,
    12,
    13,
    14,
    15,
    16,
    17,
    18,
    19,
    20,
    21,
    22,
    23,
    24,
    25,
    26,
    27,
    28,
    29,
    30,
    31,
    32,
    33,
    34,
    35,
    36,
    37,
    38,
    39,
    40,
    41,
    42,
    43,
    44,
    45,
    46,
    47,
    48,
    49,
    50,
    51,
    52,
    53,
    54,
    55,
    56,
    57,
    58,
    59,
    61,
    62,
    63,
    64,
    65,
    66,
    67,
    68,
    69,
    70,
    71,
    72,
    73,
    74,
    75,
    76,
    77,
    78,
    79,
    80,
    81,
    82,
    83,
    84,
    85,
    86,
    87,
    88,
    89,
    90,
    91,
    92,
    93,
    94,
    95,
    96,
    97,
    98,
    99,
    100,
    101,
    102,
    103,
    104,
    105,
    106,
    107,
    108,
    109,
    110,
    111,
    112,
    113,
    114,
    115,
    116,
    117,
    118,
    119,
    120,
    121,
    122,
    123,
    124,
    125,
    126,
    127,
    128,
    129,
    130,
    131,
    132,
    133,
    134,
    135,
    136,
    137,
    138,
    139
  ],
  "train_loss": [
    0.03578186250180006,
    0.02125859762504697,
    0.019023382602632047,
    0.017815955924987793,
    0.017173384711146353,
    0.01672004929408431,
    0.01669947202950716,
    0.016261060835421084,
    0.016071052196249366,
    0.01617020569741726,
    0.015879111743718387,
    0.015640124247968196,
    0.015486181841790675,
    0.0153536612611264,
    0.016048668057471512,
    0.015414486826211214,
    0.015020614654943348,
    0.01540069378092885,
    0.01518993154577911,
    0.015088912787660957,
    0.014964186062663793,
    0.015201591688394547,
    0.01493223723359406,
    0.01502335842885077,
    0.014857805830985308,
    0.015096396923437715,
    0.014745315542817116,
    0.014846510387584567,
    0.014782909549027681,
    0.014892399803921581,
    0.014603825422748924,
    0.01485427145436406,
    0.014525768223404885,
    0.014839640110731125,
    0.014936427087336779,
    0.014634392680972814,
    0.014576429266855121,
    0.014491375736147165,
    0.014617145574465393,
    0.014592485550418496,
    0.014536909146234393,
    0.014335718955472112,
    0.014356518882513046,
    0.014245452822744847,
    0.014871006094664335,
    0.014506142194196582,
    0.014325731597095728,
    0.014406707699224353,
    0.014258126655593515,
    0.01428804380595684,
    0.014537806541845203,
    0.014284537772461772,
    0.014410435864329338,
    0.014483646205067634,
    0.014313919639587402,
    0.014108333126455545,
    0.01434441108480096,
    0.014546242242679,
    0.014253472095355392,
    0.01432702631689608,
    0.014090317296236754,
    0.014334315822646021,
    0.014244626755267381,
    0.01419178618527949,
    0.01420692491568625,
    0.014309468042105436,
    0.014281664952635765,
    0.013994287642091513,
    0.014196028853580355,
    0.01423087578676641,
    0.014574068202823401,
    0.014089199316501617,
    0.014211629401147365,
    0.01406838821992278,
    0.013886089082434773,
    0.014227390184998513,
    0.014066203835979105,
    0.013806087709590792,
    0.014313409409299493,
    0.014002640744671226,
    0.01406537610553205,
    0.01399083746150136,
    0.013975050641968847,
    0.01396601149663329,
    0.014136824055016041,
    0.01395226013623178,
    0.013880485970526933,
    0.01405833727605641,
    0.01406500282883644,
    0.013928549313172698,
    0.013924704898148775,
    0.013927015628293156,
    0.014147670549154282,
    0.013967268929630518,
    0.014023623752221465,
    0.013887830040231346,
    0.013993622643873096,
    0.013926835168898106,
    0.013950730023533106,
    0.013654075179249048,
    0.013715652218833566,
    0.013658482613041997,
    0.013730039519071579,
    0.01378976535461843,
    0.013637521689012647,
    0.013659954956546426,
    0.013614340702444315,
    0.014000547422841191,
    0.013585046377778054,
    0.013857297889143229,
    0.013530973284319044,
    0.013797473360970616,
    0.013561931959167123,
    0.013673969260230661,
    0.01370568235591054,
    0.013516201547533274,
    0.013703981771692634,
    0.013692564801871776,
    0.013678674932569265,
    0.013534129083529115,
    0.013527859810739756,
    0.013654904602840542,
    0.01353022332638502,
    0.013678440552949905,
    0.01354900856167078,
    0.013660879465192557,
    0.013622688116505742,
    0.01355062331110239,
    0.013662557887285948,
    0.0136208576079458,
    0.013555769296735526,
    0.013513516197353602,
    0.013442313543334604,
    0.01348923157043755,
    0.013522812132909894,
    0.013570337739214301,
    0.013564371835812926,
    0.01355319841131568,
    0.01384053835719824
  ],