{
  "epoch": [
    0,
    1,
    2,
    3,
    4,
    5,
    6,
    7,
    8,
    9,
    10,
    11,
    12,
    13,
    14,
    15,
    16,
    17,
    18,
    19,
    20,
    21,
    22,
    23,
    24,
    25,
    26,
    27,
    28,
    29,
    30
  ],
  "train_loss": [
    0.03578186250180006,
    0.02125859762504697,
    0.019023382602632047,
    0.017815955924987793,
    0.017173384711146353,
    0.01672004929408431,
    0.01669947202950716,
    0.016261060835421084,
    0.016071052196249366,
    0.01617020569741726,
    0.015879111743718387,
    0.015640124247968196,
    0.015486181841790675,
    0.0153536612611264,
    0.016048668057471512,
    0.015414486826211214,
    0.015020614654943348,
    0.01540069378092885,
    0.01518993154577911,
    0.015088912787660957,
    0.014964186062663793,
    0.015201591688394547,
    0.01493223723359406,
    0.01502335842885077,
    0.014857805830985308,
    0.015096396923437715,
    0.014745315542817116,
    0.014846510387584567,
    0.014782909549027681,
    0.014892399803921581,
    0.014603825422748924
  ],
  "val_loss": [
    0.02282253384735055,
    0.01988854869366948,
    0.018545208861100424,
    0.01764425296922074,
    0.017205970899188346,
    0.01722366239640083,
    0.016503003773066658,
    0.0162792686717147,
    0.01571599013855865,
    0.01601527888490856,
    0.016220069706222612,
    0.01566231750990332,
    0.01609598494752203,
    0.01615112297677675,
    0.0156462312867711,
    0.015475982920881029,
    0.015856911616952338,
    0.015510583279814383,
    0.015030877853364863,
    0.014842498392422156,
    0.015371494786134608,
    0.014956520975988534,
    0.015007810163005245,
    0.01520093614794012,
    0.014814741440069057,
    0.015888912443258775,
    0.015002148168544909,
    0.014698894167654035,
    0.014888053403705406,
    0.014934933157199978,
    0.015262687547099165
  ],
  "ema_val_loss": [
    0.07016561991826449,
    0.06760677219499839,
    0.06565981848554828,
    0.063939797844454,
    0.06297562857018105,
    0.0620631787630109,
    0.060641196343558725,
    0.05969119461998947,
    0.05936751794824724,
    0.058093853005037506,
    0.05742862358133835,
    0.05667659672916032,
    0.05626031533608174,
    0.056001922976062594,
    0.05550468045270231,
    0.05520294333779445,
    0.055059616313568004,
    0.05431097507404354,
    0.053654733640738014,
    0.05333640428812423,
    0.05347278924293611,
    0.05288929318348051,
    0.05235561974817582,
    0.0522879606514348,
    0.05221188010427515,
    0.051258318391862526,
    0.05120103423464047,
    0.05042388884281224,
    0.05021473747863762,
    0.05037685081580083,
    0.0497314754686344
  ],
  "lr": [
    0.0005,
    0.0005,
    0.0005,
    0.0005,
    0.0005,
    0.0005,
    0.0005,
    0.0005,
    0.0005,
    0.0005,
    0.0005,
    0.0005,
    0.0005,
    0.0005,
    0.0005,
    0.0005,
    0.0005,
    0.0005,
    0.0005,
    0.0005,
    0.0005,
    0.0005,
    0.0005,
    0.0005,
    0.0005,
    0.0005,
    0.0005,
    0.0005,
    0.0005,
    0.0005,
    0.0005
  ]
}